generation_index,timestamp,algorithm,width,height,wall_thickness,total_cells,floor_cells,wall_cells,rooms,enemies,hearts,generation_time_ms
1,2026-6-13_17-27-53,bsp,60,60,4,3600,0,0,0,0,0,0
2,2026-6-13_17-27-53,bsp,60,60,4,3600,0,0,0,0,0,0
3,2026-6-13_17-27-53,bsp,60,60,4,3600,0,0,0,0,0,0
4,2026-6-13_17-27-53,bsp,60,60,4,3600,0,0,0,0,0,0
5,2026-6-13_17-27-53,bsp,60,60,4,3600,0,0,0,0,0,0
6,2026-6-13_17-27-53,bsp,60,60,4,3600,0,0,0,0,0,0
7,2026-6-13_17-27-53,bsp,60,60,4,3600,0,0,0,0,0,0
8,2026-6-13_17-27-53,bsp,60,60,4,3600,0,0,0,0,0,0
9,2026-6-13_17-27-53,bsp,60,60,4,3600,0,0,0,0,0,0
10,2026-6-13_17-27-53,bsp,60,60,4,3600,0,0,0,0,0,0
11,2026-6-13_17-27-53,bsp,60,60,4,3600,0,0,0,0,0,0
12,2026-6-13_17-27-53,bsp,60,60,4,3600,0,0,0,0,0,0
13,2026-6-13_17-27-53,bsp,60,60,4,3600,0,0,0,0,0,0
14,2026-6-13_17-27-54,bsp,60,60,4,3600,0,0,0,0,0,0
15,2026-6-13_17-27-54,bsp,60,60,4,3600,0,0,0,0,0,0
16,2026-6-13_17-27-54,bsp,60,60,4,3600,0,0,0,0,0,0
17,2026-6-13_17-27-54,bsp,60,60,4,3600,0,0,0,0,0,0
18,2026-6-13_17-27-54,bsp,60,60,4,3600,0,0,0,0,0,0
19,2026-6-13_17-27-54,bsp,60,60,4,3600,0,0,0,0,0,0
20,2026-6-13_17-27-54,bsp,60,60,4,3600,0,0,0,0,0,0
21,2026-6-13_17-27-54,bsp,60,60,4,3600,0,0,0,0,0,0
22,2026-6-13_17-27-54,bsp,60,60,4,3600,0,0,0,0,0,0
23,2026-6-13_17-27-54,bsp,60,60,4,3600,0,0,0,0,0,0
24,2026-6-13_17-27-54,bsp,60,60,4,3600,0,0,0,0,0,0
25,2026-6-13_17-27-54,bsp,60,60,4,3600,0,0,0,0,0,0
26,2026-6-13_17-27-54,bsp,60,60,4,3600,0,0,0,0,0,0
27,2026-6-13_17-27-54,bsp,60,60,4,3600,0,0,0,0,0,0
28,2026-6-13_17-27-54,bsp,60,60,4,3600,0,0,0,0,0,0
29,2026-6-13_17-27-54,bsp,60,60,4,3600,0,0,0,0,0,0
30,2026-6-13_17-27-54,bsp,60,60,4,3600,0,0,0,0,0,0
31,2026-6-13_17-27-54,bsp,60,60,4,3600,0,0,0,0,0,0
32,2026-6-13_17-27-55,bsp,60,60,4,3600,0,0,0,0,0,0
33,2026-6-13_17-27-55,bsp,60,60,4,3600,0,0,0,0,0,0
34,2026-6-13_17-27-55,bsp,60,60,4,3600,0,0,0,0,0,0
35,2026-6-13_17-27-55,bsp,60,60,4,3600,0,0,0,0,0,0
36,2026-6-13_17-27-55,bsp,60,60,4,3600,0,0,0,0,0,0
37,2026-6-13_17-27-55,bsp,60,60,4,3600,0,0,0,0,0,0
38,2026-6-13_17-27-55,bsp,60,60,4,3600,0,0,0,0,0,0
39,2026-6-13_17-27-55,bsp,60,60,4,3600,0,0,0,0,0,0
40,2026-6-13_17-27-55,bsp,60,60,4,3600,0,0,0,0,0,0
41,2026-6-13_17-27-55,bsp,60,60,4,3600,0,0,0,0,0,0
42,2026-6-13_17-27-55,bsp,60,60,4,3600,0,0,0,0,0,0
43,2026-6-13_17-27-55,bsp,60,60,4,3600,0,0,0,0,0,0
44,2026-6-13_17-27-55,bsp,60,60,4,3600,0,0,0,0,0,0
45,2026-6-13_17-27-55,bsp,60,60,4,3600,0,0,0,0,0,0
46,2026-6-13_17-27-55,bsp,60,60,4,3600,0,0,0,0,0,0
47,2026-6-13_17-27-55,bsp,60,60,4,3600,0,0,0,0,0,0
48,2026-6-13_17-27-55,bsp,60,60,4,3600,0,0,0,0,0,0
49,2026-6-13_17-27-55,bsp,60,60,4,3600,0,0,0,0,0,0
50,2026-6-13_17-27-56,bsp,60,60,4,3600,0,0,0,0,0,0
51,2026-6-13_17-27-56,bsp,60,60,4,3600,0,0,0,0,0,0
52,2026-6-13_17-27-56,bsp,60,60,4,3600,0,0,0,0,0,0
53,2026-6-13_17-27-56,bsp,60,60,4,3600,0,0,0,0,0,0
54,2026-6-13_17-27-56,bsp,60,60,4,3600,0,0,0,0,0,0
55,2026-6-13_17-27-56,bsp,60,60,4,3600,0,0,0,0,0,0
56,2026-6-13_17-27-56,bsp,60,60,4,3600,0,0,0,0,0,0
57,2026-6-13_17-27-56,bsp,60,60,4,3600,0,0,0,0,0,0
58,2026-6-13_17-27-56,bsp,60,60,4,3600,0,0,0,0,0,0
59,2026-6-13_17-27-56,bsp,60,60,4,3600,0,0,0,0,0,0
60,2026-6-13_17-27-56,bsp,60,60,4,3600,0,0,0,0,0,0
61,2026-6-13_17-27-56,bsp,60,60,4,3600,0,0,0,0,0,0
62,2026-6-13_17-27-56,bsp,60,60,4,3600,0,0,0,0,0,0
63,2026-6-13_17-27-56,bsp,60,60,4,3600,0,0,0,0,0,0
64,2026-6-13_17-27-56,bsp,60,60,4,3600,0,0,0,0,0,0
65,2026-6-13_17-27-56,bsp,60,60,4,3600,0,0,0,0,0,0
66,2026-6-13_17-27-56,bsp,60,60,4,3600,0,0,0,0,0,0
67,2026-6-13_17-27-56,bsp,60,60,4,3600,0,0,0,0,0,0
68,2026-6-13_17-27-57,bsp,60,60,4,3600,0,0,0,0,0,0
69,2026-6-13_17-27-57,bsp,60,60,4,3600,0,0,0,0,0,0
70,2026-6-13_17-27-57,bsp,60,60,4,3600,0,0,0,0,0,0
71,2026-6-13_17-27-57,bsp,60,60,4,3600,0,0,0,0,0,0
72,2026-6-13_17-27-57,bsp,60,60,4,3600,0,0,0,0,0,0
73,2026-6-13_17-27-57,bsp,60,60,4,3600,0,0,0,0,0,0
74,2026-6-13_17-27-57,bsp,60,60,4,3600,0,0,0,0,0,0
75,2026-6-13_17-27-57,bsp,60,60,4,3600,0,0,0,0,0,0
76,2026-6-13_17-27-57,bsp,60,60,4,3600,0,0,0,0,0,0
77,2026-6-13_17-27-57,bsp,60,60,4,3600,0,0,0,0,0,0
78,2026-6-13_17-27-57,bsp,60,60,4,3600,0,0,0,0,0,0
79,2026-6-13_17-27-57,bsp,60,60,4,3600,0,0,0,0,0,0
80,2026-6-13_17-27-57,bsp,60,60,4,3600,0,0,0,0,0,0
81,2026-6-13_17-27-57,bsp,60,60,4,3600,0,0,0,0,0,0
82,2026-6-13_17-27-57,bsp,60,60,4,3600,0,0,0,0,0,0
83,2026-6-13_17-27-57,bsp,60,60,4,3600,0,0,0,0,0,0
84,2026-6-13_17-27-57,bsp,60,60,4,3600,0,0,0,0,0,0
85,2026-6-13_17-27-57,bsp,60,60,4,3600,0,0,0,0,0,0
86,2026-6-13_17-27-58,bsp,60,60,4,3600,0,0,0,0,0,0
87,2026-6-13_17-27-58,bsp,60,60,4,3600,0,0,0,0,0,0
88,2026-6-13_17-27-58,bsp,60,60,4,3600,0,0,0,0,0,0
89,2026-6-13_17-27-58,bsp,60,60,4,3600,0,0,0,0,0,0
90,2026-6-13_17-27-58,bsp,60,60,4,3600,0,0,0,0,0,0
91,2026-6-13_17-27-58,bsp,60,60,4,3600,0,0,0,0,0,0
92,2026-6-13_17-27-58,bsp,60,60,4,3600,0,0,0,0,0,0
93,2026-6-13_17-27-58,bsp,60,60,4,3600,0,0,0,0,0,0
94,2026-6-13_17-27-58,bsp,60,60,4,3600,0,0,0,0,0,0
95,2026-6-13_17-27-58,bsp,60,60,4,3600,0,0,0,0,0,0
96,2026-6-13_17-27-58,bsp,60,60,4,3600,0,0,0,0,0,0
97,2026-6-13_17-27-58,bsp,60,60,4,3600,0,0,0,0,0,0
98,2026-6-13_17-27-58,bsp,60,60,4,3600,0,0,0,0,0,0
99,2026-6-13_17-27-58,bsp,60,60,4,3600,0,0,0,0,0,0
100,2026-6-13_17-27-58,bsp,60,60,4,3600,0,0,0,0,0,0
101,2026-6-13_17-27-58,bsp,60,60,4,3600,0,0,0,0,0,0
102,2026-6-13_17-27-58,bsp,60,60,4,3600,0,0,0,0,0,0
103,2026-6-13_17-27-58,bsp,60,60,4,3600,0,0,0,0,0,0
104,2026-6-13_17-27-59,bsp,60,60,4,3600,0,0,0,0,0,0
105,2026-6-13_17-27-59,bsp,60,60,4,3600,0,0,0,0,0,0
106,2026-6-13_17-27-59,bsp,60,60,4,3600,0,0,0,0,0,0
107,2026-6-13_17-27-59,bsp,60,60,4,3600,0,0,0,0,0,0
108,2026-6-13_17-27-59,bsp,60,60,4,3600,0,0,0,0,0,0
109,2026-6-13_17-27-59,bsp,60,60,4,3600,0,0,0,0,0,0
110,2026-6-13_17-27-59,bsp,60,60,4,3600,0,0,0,0,0,0
111,2026-6-13_17-27-59,bsp,60,60,4,3600,0,0,0,0,0,0
112,2026-6-13_17-27-59,bsp,60,60,4,3600,0,0,0,0,0,0
113,2026-6-13_17-27-59,bsp,60,60,4,3600,0,0,0,0,0,0
114,2026-6-13_17-27-59,bsp,60,60,4,3600,0,0,0,0,0,0
115,2026-6-13_17-27-59,bsp,60,60,4,3600,0,0,0,0,0,0
116,2026-6-13_17-27-59,bsp,60,60,4,3600,0,0,0,0,0,0
117,2026-6-13_17-27-59,bsp,60,60,4,3600,0,0,0,0,0,0
118,2026-6-13_17-27-59,bsp,60,60,4,3600,0,0,0,0,0,0
119,2026-6-13_17-27-59,bsp,60,60,4,3600,0,0,0,0,0,0
120,2026-6-13_17-27-59,bsp,60,60,4,3600,0,0,0,0,0,0
121,2026-6-13_17-27-59,bsp,60,60,4,3600,0,0,0,0,0,0
122,2026-6-13_17-28-0,bsp,60,60,4,3600,0,0,0,0,0,0
123,2026-6-13_17-28-0,bsp,60,60,4,3600,0,0,0,0,0,0
124,2026-6-13_17-28-0,bsp,60,60,4,3600,0,0,0,0,0,0
125,2026-6-13_17-28-0,bsp,60,60,4,3600,0,0,0,0,0,0
126,2026-6-13_17-28-0,bsp,60,60,4,3600,0,0,0,0,0,0
127,2026-6-13_17-28-0,bsp,60,60,4,3600,0,0,0,0,0,0
128,2026-6-13_17-28-0,bsp,60,60,4,3600,0,0,0,0,0,0
129,2026-6-13_17-28-0,bsp,60,60,4,3600,0,0,0,0,0,0
130,2026-6-13_17-28-0,bsp,60,60,4,3600,0,0,0,0,0,0
131,2026-6-13_17-28-0,bsp,60,60,4,3600,0,0,0,0,0,0
132,2026-6-13_17-28-0,bsp,60,60,4,3600,0,0,0,0,0,0
133,2026-6-13_17-28-0,bsp,60,60,4,3600,0,0,0,0,0,0
134,2026-6-13_17-28-0,bsp,60,60,4,3600,0,0,0,0,0,0
135,2026-6-13_17-28-0,bsp,60,60,4,3600,0,0,0,0,0,0
136,2026-6-13_17-28-0,bsp,60,60,4,3600,0,0,0,0,0,0
137,2026-6-13_17-28-0,bsp,60,60,4,3600,0,0,0,0,0,0
138,2026-6-13_17-28-0,bsp,60,60,4,3600,0,0,0,0,0,0
139,2026-6-13_17-28-0,bsp,60,60,4,3600,0,0,0,0,0,0
140,2026-6-13_17-28-1,bsp,60,60,4,3600,0,0,0,0,0,0
141,2026-6-13_17-28-1,bsp,60,60,4,3600,0,0,0,0,0,0
142,2026-6-13_17-28-1,bsp,60,60,4,3600,0,0,0,0,0,0
143,2026-6-13_17-28-1,bsp,60,60,4,3600,0,0,0,0,0,0
144,2026-6-13_17-28-1,bsp,60,60,4,3600,0,0,0,0,0,0
145,2026-6-13_17-28-1,bsp,60,60,4,3600,0,0,0,0,0,0
146,2026-6-13_17-28-1,bsp,60,60,4,3600,0,0,0,0,0,0
147,2026-6-13_17-28-1,bsp,60,60,4,3600,0,0,0,0,0,0
148,2026-6-13_17-28-1,bsp,60,60,4,3600,0,0,0,0,0,0
149,2026-6-13_17-28-1,bsp,60,60,4,3600,0,0,0,0,0,0
150,2026-6-13_17-28-1,bsp,60,60,4,3600,0,0,0,0,0,0
151,2026-6-13_17-28-1,bsp,60,60,4,3600,0,0,0,0,0,0
152,2026-6-13_17-28-1,bsp,60,60,4,3600,0,0,0,0,0,0
153,2026-6-13_17-28-1,bsp,60,60,4,3600,0,0,0,0,0,0
154,2026-6-13_17-28-1,bsp,60,60,4,3600,0,0,0,0,0,0
155,2026-6-13_17-28-1,bsp,60,60,4,3600,0,0,0,0,0,0
156,2026-6-13_17-28-1,bsp,60,60,4,3600,0,0,0,0,0,0
157,2026-6-13_17-28-1,bsp,60,60,4,3600,0,0,0,0,0,0
158,2026-6-13_17-28-2,bsp,60,60,4,3600,0,0,0,0,0,0
159,2026-6-13_17-28-2,bsp,60,60,4,3600,0,0,0,0,0,0
160,2026-6-13_17-28-2,bsp,60,60,4,3600,0,0,0,0,0,0
161,2026-6-13_17-28-2,bsp,60,60,4,3600,0,0,0,0,0,0
162,2026-6-13_17-28-2,bsp,60,60,4,3600,0,0,0,0,0,0
163,2026-6-13_17-28-2,bsp,60,60,4,3600,0,0,0,0,0,0
164,2026-6-13_17-28-2,bsp,60,60,4,3600,0,0,0,0,0,0
165,2026-6-13_17-28-2,bsp,60,60,4,3600,0,0,0,0,0,0
166,2026-6-13_17-28-2,bsp,60,60,4,3600,0,0,0,0,0,0
167,2026-6-13_17-28-2,bsp,60,60,4,3600,0,0,0,0,0,0
168,2026-6-13_17-28-2,bsp,60,60,4,3600,0,0,0,0,0,0
169,2026-6-13_17-28-2,bsp,60,60,4,3600,0,0,0,0,0,0
170,2026-6-13_17-28-2,bsp,60,60,4,3600,0,0,0,0,0,0
171,2026-6-13_17-28-2,bsp,60,60,4,3600,0,0,0,0,0,0
172,2026-6-13_17-28-2,bsp,60,60,4,3600,0,0,0,0,0,0
173,2026-6-13_17-28-2,bsp,60,60,4,3600,0,0,0,0,0,0
174,2026-6-13_17-28-2,bsp,60,60,4,3600,0,0,0,0,0,0
175,2026-6-13_17-28-2,bsp,60,60,4,3600,0,0,0,0,0,0
176,2026-6-13_17-28-3,bsp,60,60,4,3600,0,0,0,0,0,0
177,2026-6-13_17-28-3,bsp,60,60,4,3600,0,0,0,0,0,0
178,2026-6-13_17-28-3,bsp,60,60,4,3600,0,0,0,0,0,0
179,2026-6-13_17-28-3,bsp,60,60,4,3600,0,0,0,0,0,0
180,2026-6-13_17-28-3,bsp,60,60,4,3600,0,0,0,0,0,0
181,2026-6-13_17-28-3,bsp,60,60,4,3600,0,0,0,0,0,0
182,2026-6-13_17-28-3,bsp,60,60,4,3600,0,0,0,0,0,0
183,2026-6-13_17-28-3,bsp,60,60,4,3600,0,0,0,0,0,0
184,2026-6-13_17-28-3,bsp,60,60,4,3600,0,0,0,0,0,0
185,2026-6-13_17-28-3,bsp,60,60,4,3600,0,0,0,0,0,0
186,2026-6-13_17-28-3,bsp,60,60,4,3600,0,0,0,0,0,0
187,2026-6-13_17-28-3,bsp,60,60,4,3600,0,0,0,0,0,0
188,2026-6-13_17-28-3,bsp,60,60,4,3600,0,0,0,0,0,0
189,2026-6-13_17-28-3,bsp,60,60,4,3600,0,0,0,0,0,0
190,2026-6-13_17-28-3,bsp,60,60,4,3600,0,0,0,0,0,0
191,2026-6-13_17-28-3,bsp,60,60,4,3600,0,0,0,0,0,0
192,2026-6-13_17-28-3,bsp,60,60,4,3600,0,0,0,0,0,0
193,2026-6-13_17-28-3,bsp,60,60,4,3600,0,0,0,0,0,0
194,2026-6-13_17-28-4,bsp,60,60,4,3600,0,0,0,0,0,0
195,2026-6-13_17-28-4,bsp,60,60,4,3600,0,0,0,0,0,0
196,2026-6-13_17-28-4,bsp,60,60,4,3600,0,0,0,0,0,0
197,2026-6-13_17-28-4,bsp,60,60,4,3600,0,0,0,0,0,0
198,2026-6-13_17-28-4,bsp,60,60,4,3600,0,0,0,0,0,0
199,2026-6-13_17-28-4,bsp,60,60,4,3600,0,0,0,0,0,0
200,2026-6-13_17-28-4,bsp,60,60,4,3600,0,0,0,0,0,0
201,2026-6-13_17-28-4,bsp,60,60,4,3600,0,0,0,0,0,0
202,2026-6-13_17-28-4,bsp,60,60,4,3600,0,0,0,0,0,0
203,2026-6-13_17-28-4,bsp,60,60,4,3600,0,0,0,0,0,0
204,2026-6-13_17-28-4,bsp,60,60,4,3600,0,0,0,0,0,0
205,2026-6-13_17-28-4,bsp,60,60,4,3600,0,0,0,0,0,0
206,2026-6-13_17-28-4,bsp,60,60,4,3600,0,0,0,0,0,0
207,2026-6-13_17-28-4,bsp,60,60,4,3600,0,0,0,0,0,0
208,2026-6-13_17-28-4,bsp,60,60,4,3600,0,0,0,0,0,0
209,2026-6-13_17-28-4,bsp,60,60,4,3600,0,0,0,0,0,0
210,2026-6-13_17-28-4,bsp,60,60,4,3600,0,0,0,0,0,0
211,2026-6-13_17-28-4,bsp,60,60,4,3600,0,0,0,0,0,0
212,2026-6-13_17-28-5,bsp,60,60,4,3600,0,0,0,0,0,0
213,2026-6-13_17-28-5,bsp,60,60,4,3600,0,0,0,0,0,0
214,2026-6-13_17-28-5,bsp,60,60,4,3600,0,0,0,0,0,0
215,2026-6-13_17-28-5,bsp,60,60,4,3600,0,0,0,0,0,0
216,2026-6-13_17-28-5,bsp,60,60,4,3600,0,0,0,0,0,0
217,2026-6-13_17-28-5,bsp,60,60,4,3600,0,0,0,0,0,0
218,2026-6-13_17-28-5,bsp,60,60,4,3600,0,0,0,0,0,0
219,2026-6-13_17-28-5,bsp,60,60,4,3600,0,0,0,0,0,0
220,2026-6-13_17-28-5,bsp,60,60,4,3600,0,0,0,0,0,0
221,2026-6-13_17-28-5,bsp,60,60,4,3600,0,0,0,0,0,0
222,2026-6-13_17-28-5,bsp,60,60,4,3600,0,0,0,0,0,0
223,2026-6-13_17-28-5,bsp,60,60,4,3600,0,0,0,0,0,0
224,2026-6-13_17-28-5,bsp,60,60,4,3600,0,0,0,0,0,0
225,2026-6-13_17-28-5,bsp,60,60,4,3600,0,0,0,0,0,0
226,2026-6-13_17-28-5,bsp,60,60,4,3600,0,0,0,0,0,0
227,2026-6-13_17-28-5,bsp,60,60,4,3600,0,0,0,0,0,0
228,2026-6-13_17-28-5,bsp,60,60,4,3600,0,0,0,0,0,0
229,2026-6-13_17-28-5,bsp,60,60,4,3600,0,0,0,0,0,0
230,2026-6-13_17-28-6,bsp,60,60,4,3600,0,0,0,0,0,0
231,2026-6-13_17-28-6,bsp,60,60,4,3600,0,0,0,0,0,0
232,2026-6-13_17-28-6,bsp,60,60,4,3600,0,0,0,0,0,0
233,2026-6-13_17-28-6,bsp,60,60,4,3600,0,0,0,0,0,0
234,2026-6-13_17-28-6,bsp,60,60,4,3600,0,0,0,0,0,0
235,2026-6-13_17-28-6,bsp,60,60,4,3600,0,0,0,0,0,0
236,2026-6-13_17-28-6,bsp,60,60,4,3600,0,0,0,0,0,0
237,2026-6-13_17-28-6,bsp,60,60,4,3600,0,0,0,0,0,0
238,2026-6-13_17-28-6,bsp,60,60,4,3600,0,0,0,0,0,0
239,2026-6-13_17-28-6,bsp,60,60,4,3600,0,0,0,0,0,0
240,2026-6-13_17-28-6,bsp,60,60,4,3600,0,0,0,0,0,0
241,2026-6-13_17-28-6,bsp,60,60,4,3600,0,0,0,0,0,0
242,2026-6-13_17-28-6,bsp,60,60,4,3600,0,0,0,0,0,0
243,2026-6-13_17-28-6,bsp,60,60,4,3600,0,0,0,0,0,0
244,2026-6-13_17-28-6,bsp,60,60,4,3600,0,0,0,0,0,0
245,2026-6-13_17-28-6,bsp,60,60,4,3600,0,0,0,0,0,0
246,2026-6-13_17-28-6,bsp,60,60,4,3600,0,0,0,0,0,0
247,2026-6-13_17-28-6,bsp,60,60,4,3600,0,0,0,0,0,0
248,2026-6-13_17-28-7,bsp,60,60,4,3600,0,0,0,0,0,0
249,2026-6-13_17-28-7,bsp,60,60,4,3600,0,0,0,0,0,0
250,2026-6-13_17-28-7,bsp,60,60,4,3600,0,0,0,0,0,0
251,2026-6-13_17-28-7,bsp,60,60,4,3600,0,0,0,0,0,0
252,2026-6-13_17-28-7,bsp,60,60,4,3600,0,0,0,0,0,0
253,2026-6-13_17-28-7,bsp,60,60,4,3600,0,0,0,0,0,0
254,2026-6-13_17-28-7,bsp,60,60,4,3600,0,0,0,0,0,0
255,2026-6-13_17-28-7,bsp,60,60,4,3600,0,0,0,0,0,0
256,2026-6-13_17-28-7,bsp,60,60,4,3600,0,0,0,0,0,0
257,2026-6-13_17-28-7,bsp,60,60,4,3600,0,0,0,0,0,0
258,2026-6-13_17-28-7,bsp,60,60,4,3600,0,0,0,0,0,0
259,2026-6-13_17-28-7,bsp,60,60,4,3600,0,0,0,0,0,0
260,2026-6-13_17-28-7,bsp,60,60,4,3600,0,0,0,0,0,0
261,2026-6-13_17-28-7,bsp,60,60,4,3600,0,0,0,0,0,0
262,2026-6-13_17-28-7,bsp,60,60,4,3600,0,0,0,0,0,0
263,2026-6-13_17-28-7,bsp,60,60,4,3600,0,0,0,0,0,0
264,2026-6-13_17-28-7,bsp,60,60,4,3600,0,0,0,0,0,0
265,2026-6-13_17-28-7,bsp,60,60,4,3600,0,0,0,0,0,0
266,2026-6-13_17-28-8,bsp,60,60,4,3600,0,0,0,0,0,0
267,2026-6-13_17-28-8,bsp,60,60,4,3600,0,0,0,0,0,0
268,2026-6-13_17-28-8,bsp,60,60,4,3600,0,0,0,0,0,0
269,2026-6-13_17-28-8,bsp,60,60,4,3600,0,0,0,0,0,0
270,2026-6-13_17-28-8,bsp,60,60,4,3600,0,0,0,0,0,0
271,2026-6-13_17-28-8,bsp,60,60,4,3600,0,0,0,0,0,0
272,2026-6-13_17-28-8,bsp,60,60,4,3600,0,0,0,0,0,0
273,2026-6-13_17-28-8,bsp,60,60,4,3600,0,0,0,0,0,0
274,2026-6-13_17-28-8,bsp,60,60,4,3600,0,0,0,0,0,0
275,2026-6-13_17-28-8,bsp,60,60,4,3600,0,0,0,0,0,0
276,2026-6-13_17-28-8,bsp,60,60,4,3600,0,0,0,0,0,0
277,2026-6-13_17-28-8,bsp,60,60,4,3600,0,0,0,0,0,0
278,2026-6-13_17-28-8,bsp,60,60,4,3600,0,0,0,0,0,0
279,2026-6-13_17-28-8,bsp,60,60,4,3600,0,0,0,0,0,0
280,2026-6-13_17-28-8,bsp,60,60,4,3600,0,0,0,0,0,0
281,2026-6-13_17-28-8,bsp,60,60,4,3600,0,0,0,0,0,0
282,2026-6-13_17-28-8,bsp,60,60,4,3600,0,0,0,0,0,0
283,2026-6-13_17-28-8,bsp,60,60,4,3600,0,0,0,0,0,0
284,2026-6-13_17-28-9,bsp,60,60,4,3600,0,0,0,0,0,0
285,2026-6-13_17-28-9,bsp,60,60,4,3600,0,0,0,0,0,0
286,2026-6-13_17-28-9,bsp,60,60,4,3600,0,0,0,0,0,0
287,2026-6-13_17-28-9,bsp,60,60,4,3600,0,0,0,0,0,0
288,2026-6-13_17-28-9,bsp,60,60,4,3600,0,0,0,0,0,0
289,2026-6-13_17-28-9,bsp,60,60,4,3600,0,0,0,0,0,0
290,2026-6-13_17-28-9,bsp,60,60,4,3600,0,0,0,0,0,0
291,2026-6-13_17-28-9,bsp,60,60,4,3600,0,0,0,0,0,0
292,2026-6-13_17-28-9,bsp,60,60,4,3600,0,0,0,0,0,0
293,2026-6-13_17-28-9,bsp,60,60,4,3600,0,0,0,0,0,0
294,2026-6-13_17-28-9,bsp,60,60,4,3600,0,0,0,0,0,0
295,2026-6-13_17-28-9,bsp,60,60,4,3600,0,0,0,0,0,0
296,2026-6-13_17-28-9,bsp,60,60,4,3600,0,0,0,0,0,0
297,2026-6-13_17-28-9,bsp,60,60,4,3600,0,0,0,0,0,0
298,2026-6-13_17-28-9,bsp,60,60,4,3600,0,0,0,0,0,0
299,2026-6-13_17-28-9,bsp,60,60,4,3600,0,0,0,0,0,0
300,2026-6-13_17-28-9,bsp,60,60,4,3600,0,0,0,0,0,0
301,2026-6-13_17-28-9,bsp,60,60,4,3600,0,0,0,0,0,0
302,2026-6-13_17-28-10,bsp,60,60,4,3600,0,0,0,0,0,0
303,2026-6-13_17-28-10,bsp,60,60,4,3600,0,0,0,0,0,0
304,2026-6-13_17-28-10,bsp,60,60,4,3600,0,0,0,0,0,0
305,2026-6-13_17-28-10,bsp,60,60,4,3600,0,0,0,0,0,0
306,2026-6-13_17-28-10,bsp,60,60,4,3600,0,0,0,0,0,0
307,2026-6-13_17-28-10,bsp,60,60,4,3600,0,0,0,0,0,0
308,2026-6-13_17-28-10,bsp,60,60,4,3600,0,0,0,0,0,0
309,2026-6-13_17-28-10,bsp,60,60,4,3600,0,0,0,0,0,0
310,2026-6-13_17-28-10,bsp,60,60,4,3600,0,0,0,0,0,0
311,2026-6-13_17-28-10,bsp,60,60,4,3600,0,0,0,0,0,0
312,2026-6-13_17-28-10,bsp,60,60,4,3600,0,0,0,0,0,0
313,2026-6-13_17-28-10,bsp,60,60,4,3600,0,0,0,0,0,0
314,2026-6-13_17-28-10,bsp,60,60,4,3600,0,0,0,0,0,0
315,2026-6-13_17-28-10,bsp,60,60,4,3600,0,0,0,0,0,0
316,2026-6-13_17-28-10,bsp,60,60,4,3600,0,0,0,0,0,0
317,2026-6-13_17-28-10,bsp,60,60,4,3600,0,0,0,0,0,0
318,2026-6-13_17-28-10,bsp,60,60,4,3600,0,0,0,0,0,0
319,2026-6-13_17-28-10,bsp,60,60,4,3600,0,0,0,0,0,0
320,2026-6-13_17-28-11,bsp,60,60,4,3600,0,0,0,0,0,0
321,2026-6-13_17-28-11,bsp,60,60,4,3600,0,0,0,0,0,0
322,2026-6-13_17-28-11,bsp,60,60,4,3600,0,0,0,0,0,0
323,2026-6-13_17-28-11,bsp,60,60,4,3600,0,0,0,0,0,0
324,2026-6-13_17-28-11,bsp,60,60,4,3600,0,0,0,0,0,0
325,2026-6-13_17-28-11,bsp,60,60,4,3600,0,0,0,0,0,0
326,2026-6-13_17-28-11,bsp,60,60,4,3600,0,0,0,0,0,0
327,2026-6-13_17-28-11,bsp,60,60,4,3600,0,0,0,0,0,0
328,2026-6-13_17-28-11,bsp,60,60,4,3600,0,0,0,0,0,0
329,2026-6-13_17-28-11,bsp,60,60,4,3600,0,0,0,0,0,0
330,2026-6-13_17-28-11,bsp,60,60,4,3600,0,0,0,0,0,0
331,2026-6-13_17-28-11,bsp,60,60,4,3600,0,0,0,0,0,0
332,2026-6-13_17-28-11,bsp,60,60,4,3600,0,0,0,0,0,0
333,2026-6-13_17-28-11,bsp,60,60,4,3600,0,0,0,0,0,0
334,2026-6-13_17-28-11,bsp,60,60,4,3600,0,0,0,0,0,0
335,2026-6-13_17-28-11,bsp,60,60,4,3600,0,0,0,0,0,0
336,2026-6-13_17-28-11,bsp,60,60,4,3600,0,0,0,0,0,0
337,2026-6-13_17-28-11,bsp,60,60,4,3600,0,0,0,0,0,0
338,2026-6-13_17-28-12,bsp,60,60,4,3600,0,0,0,0,0,0
339,2026-6-13_17-28-12,bsp,60,60,4,3600,0,0,0,0,0,0
340,2026-6-13_17-28-12,bsp,60,60,4,3600,0,0,0,0,0,0
341,2026-6-13_17-28-12,bsp,60,60,4,3600,0,0,0,0,0,0
342,2026-6-13_17-28-12,bsp,60,60,4,3600,0,0,0,0,0,0
343,2026-6-13_17-28-12,bsp,60,60,4,3600,0,0,0,0,0,0
344,2026-6-13_17-28-12,bsp,60,60,4,3600,0,0,0,0,0,0
345,2026-6-13_17-28-12,bsp,60,60,4,3600,0,0,0,0,0,0
346,2026-6-13_17-28-12,bsp,60,60,4,3600,0,0,0,0,0,0
347,2026-6-13_17-28-12,bsp,60,60,4,3600,0,0,0,0,0,0
348,2026-6-13_17-28-12,bsp,60,60,4,3600,0,0,0,0,0,0
349,2026-6-13_17-28-12,bsp,60,60,4,3600,0,0,0,0,0,0
350,2026-6-13_17-28-12,bsp,60,60,4,3600,0,0,0,0,0,0
351,2026-6-13_17-28-12,bsp,60,60,4,3600,0,0,0,0,0,0
352,2026-6-13_17-28-12,bsp,60,60,4,3600,0,0,0,0,0,0
353,2026-6-13_17-28-12,bsp,60,60,4,3600,0,0,0,0,0,0
354,2026-6-13_17-28-12,bsp,60,60,4,3600,0,0,0,0,0,0
355,2026-6-13_17-28-12,bsp,60,60,4,3600,0,0,0,0,0,0
356,2026-6-13_17-28-13,bsp,60,60,4,3600,0,0,0,0,0,0
357,2026-6-13_17-28-13,bsp,60,60,4,3600,0,0,0,0,0,0
358,2026-6-13_17-28-13,bsp,60,60,4,3600,0,0,0,0,0,0
359,2026-6-13_17-28-13,bsp,60,60,4,3600,0,0,0,0,0,0
360,2026-6-13_17-28-13,bsp,60,60,4,3600,0,0,0,0,0,0
361,2026-6-13_17-28-13,bsp,60,60,4,3600,0,0,0,0,0,0
362,2026-6-13_17-28-13,bsp,60,60,4,3600,0,0,0,0,0,0
363,2026-6-13_17-28-13,bsp,60,60,4,3600,0,0,0,0,0,0
364,2026-6-13_17-28-13,bsp,60,60,4,3600,0,0,0,0,0,0
365,2026-6-13_17-28-13,bsp,60,60,4,3600,0,0,0,0,0,0
366,2026-6-13_17-28-13,bsp,60,60,4,3600,0,0,0,0,0,0
367,2026-6-13_17-28-13,bsp,60,60,4,3600,0,0,0,0,0,0
368,2026-6-13_17-28-13,bsp,60,60,4,3600,0,0,0,0,0,0
369,2026-6-13_17-28-13,bsp,60,60,4,3600,0,0,0,0,0,0
370,2026-6-13_17-28-13,bsp,60,60,4,3600,0,0,0,0,0,0
371,2026-6-13_17-28-13,bsp,60,60,4,3600,0,0,0,0,0,0
372,2026-6-13_17-28-13,bsp,60,60,4,3600,0,0,0,0,0,0
373,2026-6-13_17-28-13,bsp,60,60,4,3600,0,0,0,0,0,0
374,2026-6-13_17-28-14,bsp,60,60,4,3600,0,0,0,0,0,0
375,2026-6-13_17-28-14,bsp,60,60,4,3600,0,0,0,0,0,0
376,2026-6-13_17-28-14,bsp,60,60,4,3600,0,0,0,0,0,0
377,2026-6-13_17-28-14,bsp,60,60,4,3600,0,0,0,0,0,0
378,2026-6-13_17-28-14,bsp,60,60,4,3600,0,0,0,0,0,0
379,2026-6-13_17-28-14,bsp,60,60,4,3600,0,0,0,0,0,0
380,2026-6-13_17-28-14,bsp,60,60,4,3600,0,0,0,0,0,0
381,2026-6-13_17-28-14,bsp,60,60,4,3600,0,0,0,0,0,0
382,2026-6-13_17-28-14,bsp,60,60,4,3600,0,0,0,0,0,0
383,2026-6-13_17-28-14,bsp,60,60,4,3600,0,0,0,0,0,0
384,2026-6-13_17-28-14,bsp,60,60,4,3600,0,0,0,0,0,0
385,2026-6-13_17-28-14,bsp,60,60,4,3600,0,0,0,0,0,0
386,2026-6-13_17-28-14,bsp,60,60,4,3600,0,0,0,0,0,0
387,2026-6-13_17-28-14,bsp,60,60,4,3600,0,0,0,0,0,0
388,2026-6-13_17-28-14,bsp,60,60,4,3600,0,0,0,0,0,0
389,2026-6-13_17-28-14,bsp,60,60,4,3600,0,0,0,0,0,0
390,2026-6-13_17-28-14,bsp,60,60,4,3600,0,0,0,0,0,0
391,2026-6-13_17-28-14,bsp,60,60,4,3600,0,0,0,0,0,0
392,2026-6-13_17-28-15,bsp,60,60,4,3600,0,0,0,0,0,0
393,2026-6-13_17-28-15,bsp,60,60,4,3600,0,0,0,0,0,0
394,2026-6-13_17-28-15,bsp,60,60,4,3600,0,0,0,0,0,0
395,2026-6-13_17-28-15,bsp,60,60,4,3600,0,0,0,0,0,0
396,2026-6-13_17-28-15,bsp,60,60,4,3600,0,0,0,0,0,0
397,2026-6-13_17-28-15,bsp,60,60,4,3